@@ROOF@@,@@WALL@@,@@FLOOR@@,@@WIN@@,@@SHGC@@,@@LPD@@,@@HEATEFF@@,@@COP@@,@@EPD@@,@@HSP@@,@@CSP@@,@@OCC@@,c0: Annual_T[GJ]
2.396620582,0.816530402,1.670275379,2.981330255,0.382502528,9.991736704,3.330940993,2.814300314,9.534708608,23.99087238,24.3568023,0.066092368,1822.066708
2.474798085,0.73518635,1.766379807,2.750135686,0.388696239,10.44200717,3.199601631,2.805456577,10.61061193,23.90990031,24.08914058,0.064406569,1937.343255
2.333063572,0.861973476,1.907218754,3.230317658,0.386346895,10.6754319,3.401458563,2.821832654,10.03298482,23.00748912,23.74716238,0.063603227,1878.576908
2.538011343,0.724493127,1.665589874,2.920762608,0.393200927,10.88269946,3.187261303,2.829474176,8.60909194,22.99469011,23.25714065,0.064065843,1786.203027
2.423295159,0.746268973,1.816468101,3.05193325,0.397592335,10.97211589,3.22410634,2.944937172,8.311314685,22.98079442,24.76066833,0.06151768,1718.904557
2.360604259,0.748836655,1.796582499,3.225287447,0.396814381,10.42036021,3.118899677,3.058830189,8.141483472,22.9746027,23.43759627,0.057551846,1718.160025
2.229182423,0.745296413,1.848887504,3.076280437,0.369626774,10.28963674,3.388568737,2.925045415,8.753433362,22.96280473,24.00411679,0.063238746,1742.08181
2.320481914,0.85015046,1.729286445,3.127395344,0.386641827,10.67955109,3.110867378,3.012282256,8.352749322,22.95856104,23.21528748,0.0582418,1746.296699
2.25557328,0.714908852,1.662824524,3.189350587,0.399586029,10.43560402,3.222997763,2.860495867,10.02540996,22.94142907,23.80159104,0.061213491,1880.043242
2.238576294,0.791119563,1.837683363,2.947363138,0.395069127,10.64948443,3.273407454,2.942225942,9.125981714,22.93754859,24.7241896,0.066040372,1768.667666
2.356834739,0.719647627,1.863716715,3.224934843,0.37973264,10.73023352,3.332514474,2.95973779,8.996766188,22.92613412,24.32585908,0.053900259,1774.073475
2.262880483,0.752030592,1.696649551,3.029479551,0.377672016,10.8546205,3.175947586,2.9302324,9.815477582,22.91166469,23.04563921,0.054687738,1893.902923
2.275956435,0.773275641,1.705865994,3.018678393,0.389210756,10.5793395,3.433559471,2.866966015,9.973721815,23.89303812,24.74897608,0.054944378,1863.858184
2.379453209,0.739821537,1.731852931,3.077125121,0.375410886,10.89207602,3.394285957,2.980846306,10.91013073,22.90555684,22.91075026,0.058033858,1986.415278
2.569421541,0.70919476,1.871446751,2.806233311,0.396124392,10.99499528,3.113218138,2.855367553,10.23653555,22.89771431,24.70544662,0.053993551,1878.635143
2.34011565,0.711511952,1.685050852,3.199717869,0.398806192,9.967258256,3.4567894,2.863510891,10.89298863,22.88732184,23.18089385,0.06879272,1956.858274
2.280746007,0.699011339,1.805683383,3.061624189,0.388225898,10.81205664,3.244069895,2.90785443,10.80258008,22.87315622,23.89497681,0.052422254,1943.22362
2.241314407,0.693959385,1.83577335,3.193666421,0.383987112,10.09036297,3.234908181,2.830678727,10.20594135,22.86530597,23.22943514,0.05643178,1905.801414
2.362612778,0.737669022,1.654195718,3.008386567,0.399747081,10.28169073,3.141664099,2.820057108,9.800422753,22.85489268,22.94062634,0.050699776,1888.100374
2.269806374,0.748138943,1.730478329,3.16543813,0.378576675,10.9862911,3.205347632,2.847662553,8.855484069,22.84788008,23.39187218,0.055355927,1805.68453
2.267603669,0.755194903,1.672122135,3.163786256,0.389045149,10.92670812,3.337152509,2.841952783,10.85786759,22.8397607,23.0236348,0.056396291,1993.435698
2.265728377,0.920363706,1.725484228,2.994777632,0.377186637,9.667374473,3.260575639,3.022498646,10.50085668,22.82105831,23.73791356,0.059904412,1857.686777
2.378528077,0.806417,1.743030883,2.996060747,0.393479453,10.54997358,3.206657701,2.823587953,8.498871014,22.81541552,23.11308074,0.05304951,1762.786633
2.280573753,0.731835133,1.691679289,3.215017201,0.387740882,10.46047579,3.16842192,2.900113895,9.948791569,23.88676825,24.49579614,0.051881901,1880.63634
2.338086017,0.736897562,1.687404863,2.88033193,0.39551649,10.57825383,3.42613718,2.79048973,8.008817473,22.80042984,24.15175257,0.057243363,1685.484719
2.370538652,0.787191779,1.6684897,2.934425718,0.374148293,10.75340979,3.100268862,2.780183047,9.943067964,22.79240368,24.48091462,0.061474697,1853.142067
2.266516181,0.702299723,1.832889756,3.16652668,0.388170512,10.83225108,3.19060043,2.893054494,8.190547201,22.78365085,24.16938485,0.051957704,1721.763563
2.257572069,0.72875215,1.721266288,3.176836464,0.363952292,10.99212358,3.164872169,2.860810876,8.962618737,22.77840835,23.27277329,0.06203868,1819.815942
2.263735049,0.697907253,1.678407239,3.012686269,0.394583079,10.25501663,3.162516946,2.989285003,9.753802568,22.76711464,23.05159994,0.062631418,1865.6028
2.235104529,0.793215557,1.737591458,3.105355841,0.381754712,10.91731591,3.301268921,2.893833548,10.20157849,22.75879727,24.77018475,0.056649888,1868.393735
2.553456592,0.728613447,1.663956275,2.949222103,0.390985031,10.17294141,3.282385824,2.842998308,10.37220874,22.74887084,24.55081555,0.069719338,1860.615242
2.237002725,0.78168412,1.682312894,3.024877328,0.399908603,10.63628647,3.165405289,2.802073875,9.502671611,22.73131747,23.08750596,0.055205405,1864.423194
2.331035416,0.703967283,1.837332405,3.075501051,0.380418224,10.85133411,3.156978662,2.876981858,9.596920623,22.7291579,23.24618794,0.061188904,1868.281712
2.33018086,0.785433314,1.784854437,3.197491693,0.399861869,10.15009357,3.23227976,2.95440108,8.258397777,22.71966128,23.23391726,0.05791463,1718.618951
2.326710116,0.817365174,1.690317481,3.121696927,0.398186918,10.0527834,3.109685378,2.853262194,7.920004274,23.87458191,24.22784488,0.06298218,1704.666245
2.369214736,0.716913024,1.77079868,3.096189665,0.375666251,10.68426874,3.114292974,2.798144976,10.27949598,22.70678564,24.24706625,0.067360477,1891.038114
2.34769659,0.702435437,1.795502626,3.168464533,0.399086736,10.92193531,3.374820576,2.798224862,9.679401896,22.69361304,22.99957496,0.065897805,1896.161522
2.30318161,0.715300913,1.79001712,3.065895726,0.382846674,10.85327287,3.167101162,2.912760072,9.382840069,22.68084776,24.6050325,0.050589608,1805.480409
2.359186421,0.708212075,1.688583001,3.142012846,0.375156641,10.68729119,3.361352157,3.013899076,10.22806732,22.67428357,24.34592211,0.056899431,1861.989609
2.450936529,0.69931149,1.669627099,3.217780375,0.373156672,10.98969856,3.264639119,2.824409901,9.650490836,22.66291445,22.88066574,0.053690239,1893.604012
2.242247248,0.695020504,1.739253673,3.140703656,0.379453225,10.51762275,3.138037112,2.920638473,10.43836847,22.65613419,23.66096592,0.058484357,1910.614017
2.275527323,0.768286576,1.673884963,3.101572639,0.399474547,10.90907349,3.10809128,2.929926156,9.762218485,22.64272231,23.00867314,0.058664304,1892.371108
2.345976825,0.706033881,1.851055724,3.177440342,0.394902469,10.48641993,3.1543888,2.800607433,8.601449024,22.6397907,22.72953486,0.068654999,1807.939974
2.366368912,0.784155437,1.772421404,3.007790585,0.378170709,10.61677199,3.288247283,2.896509433,9.594017464,22.62584623,23.87026275,0.062394896,1819.167624
2.261253763,0.750611543,1.819669039,3.06960553,0.398578753,9.764312681,3.128200129,2.806576413,8.029714718,22.61800231,23.16312703,0.056154733,1701.294553
2.417462018,0.719351399,1.723622312,3.234331491,0.399425563,10.99345161,3.142322375,2.818018358,8.543468759,23.86108474,24.61019375,0.05968298,1786.09286
2.285632378,0.735995533,1.801520113,3.106261497,0.39752037,10.40446183,3.212262576,2.868410725,10.60355186,22.6043617,22.63801761,0.066913662,1976.571384
2.290033905,0.701836628,1.726201619,3.10465976,0.377778948,10.47896941,3.311197322,2.963414431,8.209638109,22.59830102,23.78668685,0.064207007,1702.499639
2.281779331,0.742424901,1.821508492,3.082966838,0.390251166,10.34275431,3.26399924,2.796736602,8.740420772,22.5897288,24.33793434,0.051323504,1742.961494
2.479285243,0.741291041,1.869075469,3.191490541,0.377900718,10.70717852,3.21803205,2.795768074,8.455437467,22.57024338,22.90750169,0.05972322,1775.820646
2.298521438,0.708569801,1.678012469,3.221879132,0.385943795,10.17717787,3.390796082,2.995195575,9.363031168,22.56311382,23.41308086,0.060546675,1800.161906
2.273059369,0.785272786,1.705397091,3.137519737,0.366188132,10.31412927,3.251257041,2.863301608,10.57927061,22.5555337,22.84591986,0.069551683,1946.341224
2.320193288,0.70510618,1.668361959,3.052952002,0.386448062,10.74623602,3.242956823,2.823253376,10.10663532,22.54302946,23.20386512,0.069427706,1910.134689
2.24009573,0.722197838,1.695287412,3.131264341,0.360513982,10.97419864,3.392542962,2.844045068,10.38542156,22.53161286,22.62097279,0.062188267,1964.775126
2.251553486,0.770406036,1.944205239,3.121965492,0.387009213,10.71022723,3.119391801,2.822433001,8.321534876,22.52518973,23.12451407,0.054724453,1755.620505
2.421637049,0.760574738,1.805172353,3.112900257,0.38629676,10.66087719,3.303440874,2.895671365,8.278061345,22.51421766,22.95989238,0.052378886,1739.901091
2.253309619,0.694201202,1.683172515,3.165741315,0.396739822,10.77163414,3.118082811,2.946647527,9.700645025,23.85768775,24.09631926,0.050065531,1884.134807
2.339409523,0.75105166,1.767070187,2.901496947,0.382625386,10.18152511,3.150724978,2.871323154,9.737829111,22.5062085,22.59971797,0.058393,1877.938597
2.309042408,0.755338948,1.739990813,3.089076694,0.391542617,10.12074562,3.136222672,2.936651806,10.90357787,22.49434465,23.57997246,0.061031436,1930.121785
2.399628871,0.83852277,1.697313894,3.152179781,0.391256557,10.88466861,3.265371272,2.974692364,9.704458707,22.48738035,23.50114665,0.057046718,1843.183665
2.377449627,0.73475996,1.771170962,3.092999004,0.368155494,10.90130502,3.19724899,2.836951005,9.377622828,22.47189597,24.41765826,0.058420987,1806.24583
2.292808254,0.744190581,1.794105285,3.035197664,0.395156512,10.09786759,3.198435448,3.048089324,10.79140478,22.46281167,22.92764827,0.051652446,1935.091299
2.245162912,0.695974185,1.71804577,3.011190555,0.382805976,10.11139077,3.217318012,2.883813946,8.474466872,22.45815632,22.68746194,0.050178171,1759.691725
2.351281813,0.715137275,1.793689398,2.967564227,0.386613177,10.96728238,3.173652554,2.838354646,7.999676545,22.4437865,22.67643581,0.05437883,1750.452761
2.254610956,0.729130273,1.758212087,3.162599541,0.392804896,10.20756344,3.109126692,2.907664731,9.693469795,22.43169665,24.21306633,0.051515738,1817.854209
2.305225054,0.705327326,1.702473475,3.209713399,0.396185062,10.95873465,3.313745943,2.810943808,8.69821638,22.42294008,24.86822413,0.053512522,1754.533211
2.303841266,0.750051812,1.693774483,3.201276566,0.378709921,10.39252344,3.111726581,2.870585598,10.43137633,22.41680203,23.64874883,0.056980722,1901.398455
2.266414449,0.713128917,1.692942149,3.158355066,0.369979293,10.3799205,3.175523492,2.862450889,9.135203744,23.8455,24.98551723,0.055705868,1799.39471
2.252657036,0.819508756,1.789604099,3.002460665,0.379059914,9.981023221,3.160319941,2.789901009,10.312483,22.40714481,24.85239879,0.057022829,1846.747228
2.385272438,0.704587262,1.740852257,2.979372085,0.386856098,10.28299027,3.350250395,2.959668281,9.2579054,22.39166725,22.64151431,0.057114819,1821.944592
2.340655431,0.774577402,1.842334793,2.943604192,0.372588117,10.99927696,3.115559853,2.818715055,8.200363145,22.38354088,22.49166731,0.06848249,1780.656149
2.322690294,0.697440503,1.733601667,2.963181366,0.38371088,10.5136764,3.295374932,2.846967296,10.81971237,22.37520722,23.19688382,0.058938956,1951.285188
2.322308311,0.774227379,1.710087707,2.918092126,0.373324585,10.37677923,3.191685885,2.816236696,8.28998063,22.36350713,22.80155057,0.053656572,1739.238995
2.311972113,0.767111717,1.754846757,3.126592183,0.384085206,10.75696678,3.161143974,2.843606124,8.55294653,22.35684413,24.02223615,0.061857848,1740.243269
2.412558106,0.746060279,1.684036952,3.112371715,0.39159542,10.99814324,3.133628644,2.800043625,8.818412856,22.34087158,24.97390293,0.062865336,1757.951027
2.268759294,0.729986688,1.740459833,3.198104815,0.368555837,10.64329656,3.131218113,2.89856104,10.34799193,22.33689563,22.76064565,0.067899656,1942.614202
2.235362309,0.700251095,1.757297125,2.94628284,0.375093606,10.73074783,3.243553172,2.824225192,10.15132081,22.32511879,22.50592348,0.055308267,1939.447829
2.243168453,0.753411485,1.72942284,3.075697127,0.398274511,10.22561262,3.198275824,2.951349302,8.295580583,22.31171203,23.51606594,0.056077203,1706.580244
2.323970784,0.839536344,1.692244876,2.999345495,0.381629462,10.53181145,3.347490317,2.822895009,10.55729567,23.8371107,24.10030722,0.060909371,1928.101016
2.315692665,0.766323992,1.709759974,3.062754067,0.397820837,10.55720804,3.210093345,2.836162425,8.406465206,22.30839384,24.58048476,0.065508643,1710.370944
2.373061957,0.823607557,1.811598112,2.959593515,0.366987689,10.90509065,3.255778949,3.019461713,8.943167821,22.29725839,24.17083195,0.062327563,1747.966083
2.476644599,0.726054303,1.653949081,3.119414832,0.386751736,10.79879174,3.16002961,2.855816422,10.27282271,22.28243292,23.09808155,0.065624788,1920.817354
2.303508104,0.725011459,1.658724642,2.671494238,0.394419727,10.22970697,3.239412978,2.826578797,10.88557157,22.27862509,23.48152465,0.058182308,1929.655539
2.225978281,0.728082103,1.674100033,3.234971626,0.395272316,10.92029522,3.235949072,2.911592588,8.432671926,22.26644619,24.39976803,0.052153084,1729.837405
2.404418893,0.700522485,1.786913568,3.22724829,0.389256348,9.410522951,3.189364998,2.934820713,10.63142151,22.25848941,22.78716568,0.06601812,1916.671701
2.281370111,0.719211217,1.685343571,3.086761393,0.399349137,10.68199446,3.193232626,2.8676129,8.86595132,22.24298474,24.11057408,0.056599578,1762.318686
2.226772359,0.80074415,1.65845387,3.18099598,0.397483574,10.65735977,3.490674499,2.854800113,8.702133508,22.23789186,23.85384892,0.054620384,1744.128487
2.277701629,0.714301266,1.677092508,3.15017453,0.353007487,10.40257993,3.124733272,2.939003192,8.950054352,22.22833174,22.98849777,0.069744102,1790.656753
2.30853222,0.740499705,1.824378093,3.050000328,0.365473131,10.65816455,3.1587201,2.805848863,8.973355462,22.21929163,22.97717908,0.061901909,1806.476852
2.654210946,0.776614708,1.777787493,3.213678468,0.376060389,10.63917682,3.240272541,2.844756071,10.36023542,23.82089296,24.66318447,0.063571589,1902.317529
2.443804646,0.710041373,1.72299955,3.016518334,0.378081966,10.76314175,3.141780452,2.813097606,9.496499618,22.20173598,22.77501753,0.064849381,1867.547825
2.314500903,0.749720913,1.688343245,3.201548652,0.37275824,10.60072888,3.202809105,2.795048287,9.723215722,22.19547745,23.72812613,0.054899885,1843.541572
2.232115568,0.771351016,1.719880403,3.217522247,0.393874313,10.92946514,3.316222696,2.897852636,7.956564843,22.18477884,24.13601804,0.060398803,1687.984456
2.38018572,0.754971677,1.783864317,3.207256569,0.394473531,10.95306397,3.201483063,2.893434168,10.70253143,22.1750803,22.74749726,0.0556393,1975.868372
2.451870604,0.804859659,1.782376132,3.052441686,0.393635591,10.45702447,3.221934375,3.165673518,9.404508259,22.16374357,22.42113752,0.065787263,1833.442948
2.447800079,0.708984197,1.741495389,3.095406003,0.394381871,10.782859,3.319427795,2.808624345,10.15775711,22.15874123,22.86475123,0.053360608,1916.712581
2.35392121,0.692139526,1.738509193,3.098084771,0.380727975,10.65268876,3.138124996,3.017818431,8.383958739,22.14382344,22.45460763,0.069160883,1771.577566
2.40118404,0.770509087,1.737760536,3.190709669,0.396111321,10.69420107,3.271255945,2.841427528,10.50696894,22.13764416,22.19380186,0.05617522,1985.150845
2.311377318,0.790711614,2.01017654,3.219941537,0.381259115,10.81625549,3.326572939,2.80174685,9.746220337,22.12614848,22.85649352,0.056831604,1881.170707
2.247500394,0.697614798,1.824619951,3.183054118,0.381493343,10.12215273,3.126622893,2.82997525,8.644530076,22.11091479,24.6384131,0.068438254,1723.551198
2.224966153,0.730207649,1.802295125,3.181105862,0.38577227,10.4291289,3.13559173,2.787957693,9.715516318,23.8198162,24.26014304,0.054077226,1874.925691
2.49340581,0.84697355,1.689672125,3.085776576,0.396543484,10.96951181,3.262111379,2.807216948,9.214897817,22.10053714,22.65863685,0.053603896,1841.994393
2.309764715,0.807313695,1.664374675,3.031711463,0.380192168,9.816258521,3.260857522,2.834798445,9.571497177,22.09083465,22.22880551,0.051433793,1856.093125
2.33468758,0.759461194,1.711926621,3.099143109,0.371797972,10.49047795,3.24238473,2.993279865,9.102632777,22.08954462,22.17818548,0.056340304,1833.867487
2.315269993,0.783016768,1.714711241,3.193155479,0.376929636,9.927989487,3.161703138,2.875918181,7.993439596,22.07059396,22.53751366,0.06885525,1711.110269
2.386833395,0.853167946,1.713898929,3.087345614,0.376861115,10.92679907,3.117574848,2.90482081,9.433815361,22.06845292,22.79825966,0.065069562,1850.029507
2.299387579,0.792665751,1.761541939,3.02345754,0.367257887,10.96251939,3.380784098,2.957559263,8.467478172,22.05186026,22.9672429,0.051978941,1743.922437
2.502022349,0.796839738,1.687144567,3.205172576,0.381212524,10.52562317,3.315652893,2.86193004,8.840322749,22.04562402,22.6617948,0.068829316,1791.720138
2.323383092,0.7189928,1.839743756,3.196406181,0.384782078,9.932470901,3.36779153,2.902359582,8.539037645,22.0376363,23.10474636,0.067423616,1727.874121
2.288264713,0.814448815,1.747771946,3.212023529,0.388950411,10.15480139,3.298956529,2.843088884,9.819118583,22.02547394,23.46847252,0.062769078,1836.03551
2.2830335,0.74034324,1.762591371,3.135425404,0.393013139,10.79373189,3.247722095,2.856995504,10.24457383,22.01026052,22.4173429,0.051365988,1945.276134
2.363073893,0.696273535,1.689020708,3.15114054,0.373058423,10.65594725,3.37087762,2.880455121,8.064440639,23.9831896,24.87769868,0.061741643,1719.435581
2.228210047,0.798382093,1.774543743,3.114250329,0.374405645,10.45803395,3.184618161,2.973508278,8.374549776,23.80530232,24.90532494,0.050755668,1729.102439
2.268194873,0.739204613,1.669024122,3.238758502,0.392508427,10.84199387,3.144523173,2.863999819,8.833499952,22.00498238,22.43456652,0.056787031,1829.059039
2.440189192,0.873631805,1.666016391,2.953630091,0.370514046,10.78135828,3.28518718,2.783038022,8.262549052,21.99432523,22.08931322,0.054553338,1773.56298
2.319458449,0.692547624,1.680896269,3.160614848,0.382226636,9.863058366,3.178312598,2.826067567,9.143434517,21.98930749,22.34078947,0.058569102,1827.013658
2.245585168,0.815677773,1.668132478,2.957362556,0.370817624,10.34884942,3.12208054,2.82763814,8.615208688,21.97667193,22.0258488,0.061588762,1807.275154
2.506131234,0.700744762,1.753944493,3.212440063,0.373447057,9.529342492,3.204000606,2.98317112,9.268474887,21.96701414,24.88969829,0.061434066,1733.546164
2.363837497,0.769611216,1.719715366,3.109160629,0.385457528,10.98309707,3.1475471,2.997002629,8.0920484,21.95698452,23.28633217,0.064625618,1710.421567
2.279974971,0.754686391,1.698911605,3.074793168,0.370436243,10.95630487,3.128710572,2.985935681,10.33530906,21.94297895,22.89620608,0.053178466,1918.859413
2.338951649,0.740994522,1.671829494,3.144119277,0.39546804,10.56589857,3.215835844,2.958771325,9.162615722,21.93695566,22.20830262,0.053454934,1844.103716
2.432873242,0.747140487,1.854275671,2.985848882,0.39800404,10.39539407,3.241708034,2.792679939,9.834849209,21.92141548,21.96403118,0.064975068,1928.438629
2.471506857,0.710100891,1.713435225,3.231085449,0.375542844,10.71810868,3.265487911,2.784568267,8.730645365,21.91868486,22.26960569,0.057572441,1818.788328
2.383349905,0.696447329,1.732290856,3.232062193,0.399013164,10.46496324,3.199046817,3.025577998,9.79266407,23.7955598,24.28105528,0.052967601,1862.519836
2.224313145,0.699718204,1.791605961,3.083519754,0.386809749,10.47118885,3.186699808,2.968144728,10.01319656,21.90104798,22.54576379,0.054978687,1897.999649
2.266894894,0.797513298,1.702828566,2.930158438,0.392129435,10.32198084,3.317835437,2.984202532,10.41041898,21.89942696,23.31913379,0.062743526,1879.598728
2.246940415,0.795339262,1.821769416,3.078723451,0.391373791,10.71773039,3.334491984,2.8767011,10.90523911,21.88080155,22.14658799,0.051172654,2005.352579
2.250170031,0.710559639,1.742730265,3.11158093,0.393370922,10.93230739,3.471600703,2.920287193,8.919103674,21.87149697,23.29105515,0.069246098,1784.38588
2.317875409,0.713466054,1.750800676,3.012255338,0.374310756,10.95381405,3.311965868,2.890914018,9.510312587,21.86212372,22.87507858,0.066446324,1852.620127
2.446619056,0.884124426,1.657930287,3.236476378,0.385503358,9.957374343,3.101013349,2.905765419,8.077545144,21.85102753,21.8984838,0.069482504,1747.50168
2.408661771,0.736359975,1.682091999,3.059278098,0.391060026,10.57437766,3.23755968,2.869324953,10.66765092,21.84189861,22.33451955,0.063763467,1973.813398
2.297204239,0.794677324,1.773105425,3.15727647,0.384872014,10.5093398,3.208418314,3.046140912,9.869773726,21.83227226,24.5489006,0.053577202,1810.285985
2.288776266,0.7065462,1.723392105,3.169186488,0.385713935,10.62946361,3.252290277,2.910139669,7.842441646,21.82241389,23.14495427,0.05546124,1688.923708
2.426358226,0.694348122,1.745271546,3.127684088,0.398295691,9.951733379,3.185984711,2.81040184,8.21784813,21.81480829,24.84090531,0.063282957,1674.742354
2.244135578,0.742259186,1.722348995,2.973027589,0.392298527,10.76203032,3.120750223,3.002987831,9.689772322,23.78536186,24.62315172,0.067631494,1848.769082
2.437453504,0.775065413,1.689432321,2.911249449,0.39510464,10.93581749,3.240922237,3.083946414,9.878613565,21.80999703,22.32944782,0.059173367,1889.375721
2.30632634,0.726180592,1.786318653,3.112106632,0.376555757,10.39818013,3.357953162,2.918979385,9.219101399,21.79088188,22.10476413,0.056865601,1841.415041
2.453628599,0.771883992,1.776312924,2.993908567,0.397392915,10.57282127,3.340071476,2.793424933,8.480068354,21.78569159,22.06493733,0.066650029,1794.190533
2.273785028,0.765115785,1.748292472,3.10738726,0.390961446,10.89047323,3.15034167,2.799308839,8.861350767,21.77255839,22.55157399,0.064198832,1822.324657
2.343365611,0.701096233,1.731242978,3.03661185,0.394541888,10.35717219,3.207076785,2.883261041,9.872977096,21.76520788,22.29254906,0.057288928,1897.010636
2.332938523,0.703360017,1.769547874,3.174861561,0.390637387,10.94022216,3.134206795,2.919695383,9.844602314,21.75050717,22.00965372,0.064794334,1939.708478
2.278357382,0.724304381,1.676155556,2.81761706,0.398525345,10.02279005,3.172737912,2.892372661,8.723657697,21.7485158,22.73674093,0.069149796,1757.713472
2.457354523,0.768470158,1.758864132,3.229082872,0.398711796,10.86737353,3.287280573,3.103310157,7.913829961,21.7382806,22.93357971,0.058113699,1690.15809
2.230044995,0.717514454,1.701055597,2.992945069,0.372494304,10.68523359,3.3536967,2.81535002,10.96897171,21.72876871,21.92427399,0.067102029,2033.185902
2.307999974,0.734437702,1.656132747,3.168247641,0.38493876,10.13226519,3.323757689,2.921867491,9.468471694,21.71630914,22.46064727,0.055498056,1834.719668
2.312714549,0.690819173,1.927999195,3.233768909,0.382111749,10.89018739,3.30893151,2.866461425,8.98171962,23.77262476,24.99105353,0.066154134,1797.375098
2.262665467,0.754311453,1.806796708,3.221491431,0.390887541,10.86226368,3.132665417,2.872347006,8.040465918,21.7051187,22.35975153,0.062250147,1754.463616
2.224114709,0.760037309,1.675791491,3.138576083,0.388155356,10.5028579,3.111192264,3.067228482,8.688582019,21.69496571,21.77340985,0.05955389,1818.488546
2.422151833,0.702033541,1.74865253,3.15643533,0.396672587,10.84392467,3.136500608,2.783461214,7.86565154,21.68870219,21.9996205,0.069772421,1769.857907
2.238915351,0.733968642,1.679466266,3.141254627,0.372237291,10.26935679,3.107455687,2.999101905,10.34251906,21.67371083,22.31599019,0.050671595,1921.352769
2.29142931,0.698517297,1.730960518,3.194893686,0.385274333,10.72449708,3.123520745,2.939410795,10.55343676,21.66841498,22.36024623,0.064302973,1968.378069
2.240845569,0.840105997,1.970352886,2.854651474,0.389938063,10.19864859,3.133693025,3.041343956,10.64978602,21.65554838,21.70646962,0.069838506,1980.390395
2.374438782,0.696168223,1.827320828,2.788051409,0.389591727,10.95751311,3.227272727,2.83558639,8.90743344,21.64818301,21.84230484,0.054030666,1852.265493
2.389178168,0.743000386,1.718903782,3.188910197,0.37667628,10.16033774,3.157837212,2.877677795,8.63610536,21.63375026,22.82878027,0.058215078,1750.215146
2.26497896,0.73319721,1.78531009,3.027009063,0.397179893,10.4796266,3.157412794,3.000177915,7.949797626,21.62592957,24.0617011,0.064959936,1660.722726
2.535448511,0.939153799,1.675462202,2.916577403,0.395904447,10.43274774,3.135788052,2.938445945,8.298628847,21.61670283,24.93137767,0.068627188,1662.581322
2.366243035,0.794942915,1.696890682,3.216846558,0.376392777,10.8213274,3.124409016,3.04191208,9.452618348,23.76326369,24.79223654,0.054097631,1826.560891
2.382059997,0.704017328,1.923188482,3.186964379,0.383000369,10.32508965,3.104342782,2.949394732,9.05741256,21.60858028,22.52504822,0.066571024,1808.553573
2.247949047,0.744563161,1.979334395,2.875234952,0.39493618,10.69173101,3.202548931,2.801397347,10.18730369,21.59238276,23.40961682,0.069044167,1888.369021
2.550709867,0.77385576,1.727684694,3.216629812,0.383754162,10.60788267,3.259372254,2.838662673,9.371692511,21.5881967,22.2323899,0.060713634,1856.767456
2.546548392,0.705517554,1.667521783,3.17194703,0.382204597,10.38973172,3.227827816,2.952203897,10.21135902,21.57951984,24.01233134,0.064015423,1848.959899
2.275218589,0.692713107,1.67459684,3.131880615,0.382579544,10.40974219,3.282946388,2.804372277,10.4989922,21.56766102,21.73430049,0.069899503,2001.0632
2.399869776,0.701595554,1.778251617,3.133180431,0.3823254,10.84766084,3.244511018,2.814045563,8.41517111,21.55369138,22.39935647,0.059656205,1777.883933
2.310325046,0.778494649,1.702090265,3.235802471,0.384339186,10.57587819,3.524654145,2.837286846,10.06698764,21.5437117,22.70575515,0.068357277,1893.096945
2.378750058,0.824281749,2.136159452,2.971883537,0.393964626,10.4631714,3.192587376,2.884970585,9.008069753,21.53868898,21.83075144,0.054407251,1834.141815
2.312428327,0.703463719,1.681532298,2.904369594,0.374921144,10.54171298,3.297948253,2.809616606,10.39658483,21.52647343,22.07546354,0.067963475,1959.097912
2.259440545,0.768971917,1.867175465,3.06312946,0.388038087,10.74845373,3.178673998,2.928828784,8.766475287,21.51350808,21.82651616,0.053556496,1826.402072
2.228840998,0.831990134,1.668749631,3.108587209,0.392188434,10.42432346,3.213899577,2.979748736,9.02757691,23.75069208,23.92597638,0.060026093,1799.710785
2.284381428,0.754098878,1.786050793,3.009454907,0.366638283,10.93772806,3.413872357,2.845650113,8.36009453,21.50704566,24.47654839,0.050877658,1702.121795
2.27744293,0.753691991,1.661761277,3.003357226,0.384380849,10.8635675,3.239740213,2.825091464,10.95400889,21.49675139,24.52123264,0.065729628,1924.892219
2.288600849,0.746821644,1.713014901,3.136547541,0.36773962,10.54087587,3.422120241,2.788605616,7.975183223,21.48461981,22.60742451,0.067650384,1712.642193
2.361639712,0.720363048,1.659158951,3.088445923,0.39150386,10.33659804,3.331737855,2.935346725,9.062775417,21.47290977,21.72947164,0.067598904,1845.551165
2.524285677,0.745863227,1.735479919,3.230753626,0.361869038,10.54748029,3.213416098,2.799780317,9.244068955,21.46875382,21.85891368,0.066966883,1869.422887
2.22560242,0.761008644,1.746553536,3.20982654,0.390814287,10.50266782,3.359217439,3.09613876,7.798605557,21.45391129,23.83888533,0.05870083,1642.645007
2.473273588,0.78809417,1.749420363,3.21629901,0.371522936,10.45330543,3.415627524,3.089673147,8.967851272,21.44240725,21.54763536,0.055968739,1824.099672
2.234092886,0.886666964,1.711264189,2.974939706,0.384260143,10.61289088,3.23003518,2.901657845,8.306321022,21.43736362,22.75748578,0.057853682,1722.909371
2.239392941,0.740721865,1.690186735,3.045292975,0.375820266,10.49614456,3.146992252,2.923548559,8.066647668,21.42361347,21.64275078,0.057428068,1766.835707
2.257930123,0.697764261,1.70034106,3.229561306,0.393205556,10.97532187,3.343141695,2.833687803,7.896503909,21.41977362,22.56742999,0.065413284,1731.023525
2.238027091,0.75296988,1.843363735,3.196743901,0.385613748,10.1043386,3.30604111,2.797610612,9.464573665,23.74050649,24.51022975,0.062816863,1824.116674
2.300317283,0.757232417,1.770208097,3.021301764,0.383371683,10.70204573,3.144349955,2.934280579,10.13816092,21.40488248,23.07326879,0.066372238,1883.357912
2.295656806,0.732969939,1.721489043,3.120685965,0.388896956,10.40672076,3.194961878,2.849768416,10.58841321,21.39664234,21.49594169,0.063641356,2015.380372
2.284998839,0.69955107,1.695548545,3.014801408,0.380211079,10.60470232,3.171708577,2.834276287,10.39476214,21.38473178,21.86651818,0.068082836,1978.106604
2.394021713,0.803474321,1.708683574,3.215868748,0.378450566,10.47595619,3.211038218,2.913535477,8.17858156,21.37431905,21.9053153,0.066174656,1755.65207
2.413995276,0.760377449,1.725075812,3.211495042,0.375289856,10.5220724,3.148442944,3.06543784,8.997356445,21.36018419,21.9374771,0.054844021,1815.752598
2.428485194,0.731029099,1.662031217,3.033904601,0.39003646,10.86632363,3.106967021,2.912231118,9.912147427,21.35565599,21.51816615,0.052656974,1953.295699
2.265491248,0.798797394,1.728663489,3.113401701,0.386915412,9.783665581,3.258532204,2.886639744,8.451086631,21.34005775,24.56853344,0.059398354,1672.873333
2.420020055,0.707492565,1.761971484,3.164560922,0.379658163,10.66133135,3.122753388,2.841008224,8.692542229,21.33983345,22.30477375,0.060047631,1797.650461
2.294387879,0.745617585,1.794821416,3.153549199,0.374674708,10.71977147,3.105488175,2.908808074,7.967306346,21.32424166,21.39985376,0.066241425,1789.711036
2.296360275,0.701246821,1.710272307,2.937643152,0.377996504,9.853151748,3.129612971,2.816397849,9.905228235,21.31073952,21.61009875,0.061263122,1919.093649
2.347109177,0.688901241,1.655106143,3.17048353,0.392907333,10.78428073,3.179137922,2.947150073,9.574855438,23.73558807,24.40995215,0.057377203,1854.133626
2.30652015,0.751848309,1.69322053,2.937981215,0.395969189,10.75033364,3.226948284,2.793732495,10.21913961,21.30797052,24.30788302,0.058618376,1863.599888
2.299059007,0.713751159,1.911956051,3.166963209,0.394323235,10.01295928,3.195028577,2.891748063,7.857547433,21.29631711,22.25943139,0.052252978,1698.124911
2.515464265,0.695274774,1.666320375,3.017588651,0.374541022,10.74089617,3.130546532,2.83097456,9.540696093,21.28953407,21.58010943,0.065843898,1918.275739
2.462894584,0.717815661,1.664738088,3.200937842,0.38078955,10.51648796,3.133054188,2.80360266,8.248209775,21.27189758,21.74845681,0.055925687,1783.934458
2.273381516,0.688701301,1.704302988,3.207663706,0.399838514,10.87350172,3.212967491,2.89964572,8.081394129,21.26913272,22.2435125,0.059940317,1754.55134
2.244970949,0.769890153,1.687552586,3.152651967,0.396292167,10.74414946,3.271709382,3.112832326,10.61755745,21.25305007,21.40789962,0.059593776,2003.577664
2.274132503,0.723213295,1.764439114,3.190155146,0.380002855,10.94962922,3.174112086,2.789301318,7.933336808,21.24152279,23.5270767,0.057202306,1700.132823
2.414838516,0.710804778,1.728633044,3.117856471,0.385877043,10.16932958,3.266226117,2.917202953,10.32057257,21.23786579,22.11334913,0.063151703,1922.705182
2.358328978,0.802598221,1.917766722,3.188591044,0.378956676,10.55304634,3.285340542,2.937319245,8.824801377,21.22478978,21.71372082,0.057958598,1817.090813
2.279283355,0.75602991,1.885504015,3.195967016,0.394669224,10.28685606,3.155254935,2.972164688,8.038871532,21.2119635,21.94540578,0.052562877,1731.270203
2.46367702,0.843564262,1.675929538,3.073904634,0.388420059,10.61446443,3.221691857,2.949847799,10.71568975,23.72131652,24.46684848,0.054130827,1921.783493
2.246157573,0.752506137,1.705231069,3.136956624,0.380839584,9.908042181,3.161854696,2.853425254,8.322889333,21.20738505,21.3459737,0.068529489,1797.02246
2.24916541,0.706251387,1.66668277,2.895046753,0.369750558,10.8349328,3.220038715,2.819452299,9.515422056,21.19498245,21.87355768,0.055370056,1891.112386
2.482341826,0.776178435,1.720347014,3.101040898,0.387641096,9.798711211,3.275955748,2.894536363,10.65688151,21.18838432,21.53818434,0.056719796,1967.730401
2.412310255,0.717666911,1.685863295,3.161992523,0.395579848,10.88113623,3.23083569,2.7875686,10.12594531,21.17408218,21.67002604,0.053763633,1970.761774
2.304958758,0.715589693,1.754575111,3.092225484,0.362737978,9.98816002,3.270888608,2.964298155,9.78306484,21.16435493,22.40380403,0.060782729,1844.427797
2.289732856,0.705786329,1.680858024,3.173780023,0.380491769,10.89641847,3.231350788,2.953797629,9.396400834,21.15834575,22.03865618,0.05513607,1868.28587
2.301847225,0.779119965,1.884135987,3.116910916,0.39792634,10.75821398,3.385277466,2.794744974,10.25598836,21.14673839,21.33278627,0.050525165,1993.021266
2.497411883,0.825884903,1.684569463,3.084788488,0.382440126,10.76433873,3.262716393,2.933184164,10.18224808,21.13812494,22.01184096,0.063732843,1924.286468
2.279853545,0.717157218,1.657261937,3.049498381,0.392287067,10.87580259,3.382034023,2.888303568,10.17291481,21.12466941,21.3173272,0.052639287,1983.186462
2.461085701,0.724117408,1.660610428,3.176561683,0.380308144,10.00041374,3.218416693,2.780743838,9.925976195,21.11910689,21.19445977,0.060604297,1955.314102
2.237365511,0.722661905,1.767910322,2.951273848,0.371739864,10.94664264,3.180908211,2.856177344,8.627247353,23.71348647,23.84165423,0.055868566,1795.32466
2.304557543,0.693552123,1.780129744,2.885072485,0.38978476,10.96484257,3.194317922,2.787152775,10.92382379,21.10081853,21.11790746,0.065677267,2095.216505
2.28422481,0.746508733,1.706150515,3.105951824,0.386412384,9.619554547,3.249833152,2.814792612,10.82888361,21.09637321,21.23147244,0.051146563,2010.646017
2.287187843,0.729839889,1.755752649,3.18735189,0.363624528,10.36489256,3.222353525,2.961539666,10.31801524,21.08952754,21.59114358,0.05695397,1952.219874
2.58013741,0.719612675,1.753610106,3.208724224,0.396577901,10.66503806,3.305450992,2.927078358,10.99089128,21.07449253,22.4737587,0.065697172,1978.549693
2.271150465,0.790156605,1.67474042,3.039690019,0.385142553,10.94510019,3.324807264,2.925503286,8.10765763,21.06282236,21.08185967,0.06155967,1810.584327
2.224682258,0.732714832,1.672879039,3.125098058,0.394715906,10.8728451,3.25171633,2.821363179,9.204834529,21.05869341,23.659827,0.064573485,1799.365262
2.251910026,0.744792274,1.763542191,3.179578437,0.38833121,10.85588662,3.248966229,2.790205484,9.930005832,21.04140436,21.09503778,0.059874507,1997.829417
2.47779561,0.707341217,1.776956763,3.1998932,0.38796253,10.51967815,3.397464237,2.838025694,9.362490936,21.03997383,21.42957512,0.050788045,1887.077476
2.4363733,0.732364342,1.665289108,3.149058249,0.357382184,10.94098382,3.148089426,2.81958589,8.803935346,21.02899475,21.2011773,0.061789487,1876.564881
2.263094698,0.847717374,1.677350745,3.198413928,0.365285339,9.880737544,3.184373568,2.948816344,10.77267789,21.016072,21.35236811,0.068316729,1992.744721
2.334311421,0.729266085,1.701345303,3.220706633,0.396458288,10.23292963,3.108706035,2.997563147,9.20025157,23.97367866,24.27062648,0.069671542,1817.708439
2.262322258,0.758337512,1.708396582,3.134513535,0.393910054,10.92288234,3.14122292,2.813669312,9.070294962,23.70037708,23.93400718,0.056225715,1838.871714
2.408994277,0.720056108,1.77286741,3.037479193,0.388361814,10.31808113,3.115628273,3.122131543,7.792538162,21.00957356,21.65871164,0.052893583,1704.647657
2.261704213,0.792274151,1.727338858,2.990694474,0.349023535,10.41580314,3.13042812,2.881664251,9.527043824,20.99052601,23.5508595,0.054781783,1795.899055
2.385839237,0.700293826,1.680355435,3.120043785,0.391116175,10.59180422,3.164149635,2.855239007,8.240624038,20.98060385,22.58651395,0.053291229,1734.288091
2.503482487,0.696825115,1.845235261,3.192057094,0.388540306,10.90746921,3.229483608,2.981309158,8.656918703,20.97133193,21.1325669,0.052953647,1851.200519
2.337095764,0.834048298,1.663607376,3.020446383,0.38471357,10.25202802,3.119651025,2.832178764,9.181178192,20.96784772,21.68673141,0.050977885,1841.380326
2.231862714,0.691104752,1.69098412,3.060695837,0.392747915,10.48854387,3.454534744,2.840317063,9.391337862,20.95818597,21.0417529,0.064490914,1928.094307
2.293644996,0.695801121,1.66770251,3.068530621,0.392641447,9.758565399,3.188665802,2.826982345,10.30110824,20.94888215,21.41073375,0.055274336,1956.283727
2.431494632,0.715785702,1.761047932,3.11065109,0.396519283,10.08508906,3.236799696,2.821571164,8.895171093,20.93382802,20.97378019,0.069634982,1880.495958
2.454182177,0.762095319,1.687742088,3.22039018,0.399991918,10.82987436,3.207767579,2.811871805,9.29450226,20.9273623,24.45693635,0.063186585,1786.001108
2.418321376,0.89321751,1.656998522,3.232655389,0.370215799,10.56858586,3.293404455,2.918143296,9.937937298,20.91934342,21.18380289,0.064696096,1945.875273
2.294781469,0.780176505,1.685518652,3.096997365,0.373197498,10.90432279,3.101929174,2.865776721,9.326746454,23.69744319,23.91051619,0.056095691,1852.292493
2.397865941,0.73810243,1.78146091,3.114550672,0.398396142,10.61001072,3.172254165,3.035112003,8.888052606,20.90770095,22.21742843,0.054317442,1790.529262
2.576568167,0.759171138,1.729794179,3.22545887,0.393467781,10.77876561,3.307670413,2.917054069,9.734061718,20.89063529,23.59547847,0.051866759,1824.814659
2.260085455,0.698274936,1.724140919,3.237704263,0.380578379,10.53473468,3.229208351,2.812021092,10.28605491,20.88064103,22.1816269,0.066497622,1941.886072
2.302137175,0.80299842,1.812926208,3.110157207,0.387100424,10.80791058,3.151343284,2.841666776,8.157678082,20.87663574,21.21801933,0.063262594,1808.165766
2.256566737,0.772924268,1.757527723,3.104008819,0.36633462,10.37448988,3.153721402,2.929062855,8.653051179,20.86439454,21.16904795,0.05321458,1825.701797
2.236208016,0.717194949,1.731788905,3.145219142,0.385009099,10.54678994,3.267078131,2.811404433,9.671516199,20.85561932,22.38092674,0.050316136,1868.750853
2.272237237,0.765298073,1.806786841,3.090172529,0.37927207,10.67915337,3.200737522,2.835142951,9.586732017,20.84850807,22.81826087,0.060664359,1843.794753
2.236648086,0.708915262,1.655612248,3.239144526,0.372323055,9.417254382,3.238576112,2.944670545,7.904115267,20.8300724,21.62631317,0.064723596,1701.907977
2.329365443,0.711783084,1.833192419,3.146897193,0.37610367,10.49687397,3.174582979,3.005127144,7.978444214,20.82014082,21.88526733,0.063823847,1725.608942
2.226656126,0.689531638,1.699196346,3.214513849,0.396687523,10.62436119,3.125952105,2.845038564,9.774207038,20.81218641,20.83321,0.063692056,2000.4296
2.520932695,0.784849785,1.767555291,3.139828227,0.393053153,10.80002591,3.269882725,2.940552331,7.985419077,23.6841855,24.44820415,0.052835187,1707.118195
2.319913782,0.820472303,1.879483341,3.178754764,0.381889057,10.77395127,3.236512936,2.820699379,10.75589696,20.80933614,23.03460013,0.063978722,1940.92033
2.250411669,0.763362267,1.766738941,3.18191271,0.375948057,10.74531664,3.321984564,2.905224762,8.989781394,20.79056216,21.501517,0.064461958,1851.553358
2.342355532,0.757669954,1.808285755,3.054063779,0.391703501,10.75639873,3.125582379,3.086990467,10.69199444,20.78984736,21.45316418,0.052777117,1991.107736
2.278916844,0.836191311,1.762109725,2.86777196,0.389817314,10.89533259,3.146074742,2.890176659,8.265771208,20.77299388,21.17088972,0.069373884,1812.615065
2.282171648,0.718275528,1.722624457,3.22765384,0.365106142,10.26874259,3.101369096,2.849068131,7.876421866,20.76196372,21.32428939,0.053950894,1753.551657
2.293137192,0.78376533,1.718716208,3.078204424,0.367450726,10.50591594,3.126310689,2.802500235,8.529213464,20.75299603,23.7514987,0.068258121,1718.421165
2.337255091,0.834910261,1.679874073,3.094378083,0.391800229,10.45009103,3.104987099,2.803192938,10.86043397,20.74980405,20.75895568,0.056746495,2082.056314
2.310650552,0.720904577,1.81695981,3.161491694,0.390450347,10.87792397,3.15497192,3.071884092,9.520430651,20.73341385,21.63525365,0.056259677,1885.915198
2.282458211,0.727819831,1.756841408,3.209038949,0.331450772,10.98449914,3.281870472,2.839668776,9.901821209,20.72080248,21.60413641,0.050224779,1929.405374
2.470535838,0.777927114,1.768566043,3.191328094,0.393326225,10.49416691,3.352218974,3.01017416,9.410181079,20.71508193,22.04642292,0.055828422,1832.676679
2.239668366,0.761521855,1.746998669,3.093734427,0.391187911,10.2598502,3.158352362,2.878578076,9.042339742,23.67928385,24.12115259,0.055521813,1799.005871
2.352560597,0.801898782,1.760081472,2.857319687,0.397583523,10.95582506,3.129161618,2.854038595,8.875984634,20.70258969,21.05688409,0.052478996,1874.889433
2.489632177,0.826922145,1.698448309,3.138229799,0.36606769,10.59341259,3.178017267,2.965104571,9.563555583,20.69478408,21.91013403,0.054486803,1854.533473
2.374786132,0.793817724,1.882409,2.987206289,0.399270384,10.03867521,3.166632765,2.9666137,8.88254944,20.6814231,21.2243702,0.066861142,1826.947449
2.248416645,0.696647687,1.872841787,2.890794193,0.351366801,10.69398941,3.145125796,2.801300738,10.24998049,20.67860226,20.71944444,0.051741649,2026.274896
2.355590411,0.767306601,1.684223597,3.159943536,0.399539439,10.70938134,3.303084005,2.887362116,10.80091343,20.6633928,21.03421055,0.067733194,2055.106134
2.405501954,0.808807519,1.778659552,3.179170101,0.381999897,10.39951313,3.119965036,2.894220664,9.918195762,20.65245543,22.15061925,0.062680618,1884.329327
2.269976649,0.722451486,1.76577272,3.202726047,0.369286502,9.898014338,3.116586898,3.01428219,8.398368118,20.64149702,20.89187613,0.060948781,1803.087968
2.317361955,0.807349616,1.780377911,3.215344991,0.36218096,10.64974076,3.102772222,3.009283353,8.187433923,20.63741328,20.99488151,0.067275243,1799.259884
2.387483954,0.895252563,1.678724863,3.222118195,0.389648414,10.97666076,3.183250103,3.070238012,10.78669751,20.62071815,20.81521263,0.053873192,2049.391931
2.364381165,0.827376827,1.901714946,3.046146663,0.385195446,10.21060172,3.561091644,2.927531544,10.01913428,20.61926786,20.85985679,0.059083643,1949.029968
2.272013876,0.723525589,1.656509332,3.226114354,0.38999313,10.96087689,3.257998249,2.976727424,8.738541255,23.66834517,23.68607695,0.056542509,1808.492937
2.260947358,0.70801502,1.792486409,3.19701293,0.389081723,10.61955485,3.145560084,2.80943874,8.598882031,20.60349385,20.77905067,0.05829277,1881.299028
2.445203287,0.772234033,1.771585016,3.148859439,0.383863141,10.77488429,3.197424888,2.789697399,8.054764863,20.59189635,21.10550081,0.067813009,1801.866054
2.348955086,0.693108067,1.686570279,3.186282051,0.36952266,10.05593168,3.310197385,2.94348273,8.712625792,20.58700468,21.5652921,0.059010609,1788.308942
2.232370365,0.691358206,1.691945531,3.000520598,0.390413011,10.7353832,3.107168855,2.800662911,8.144134736,20.57108851,20.58967753,0.06291235,1863.55335
2.332379118,0.788192451,1.830480666,3.22377131,0.376436616,10.35509824,3.102135348,2.880919325,10.46370198,20.56249222,20.92951345,0.060141672,2013.297754
2.290721749,0.720792939,1.68379795,3.108100259,0.38787617,10.33697255,3.273073845,2.797277975,9.145961703,20.55130443,22.44249405,0.058050251,1809.652441
2.242730532,0.812347353,1.689294138,3.239916452,0.391981498,10.91001504,3.304170363,2.924284015,8.46318381,20.54032613,20.57364905,0.069008533,1881.915559
2.316440464,0.719960913,1.756193099,3.189891207,0.399234819,10.36970217,3.142924592,2.838978368,10.81336243,20.53916263,21.24653928,0.060481177,2033.452803
2.276287994,0.709787561,1.733204826,3.192465611,0.384054922,10.23626988,3.254775207,2.903905361,10.11176559,20.52489122,20.98699402,0.069332178,1976.271099
2.307733293,0.710972334,1.677562469,3.117318068,0.395667691,10.72229516,3.166299114,2.850814585,9.661367554,20.51953988,20.70528563,0.062219453,1984.12769
2.507316251,0.70269486,1.658227232,3.176153706,0.387187351,10.44601655,3.193828897,2.88721585,10.38029459,23.6510016,24.95606052,0.062946903,1891.278509
2.247016556,0.747985145,1.679739311,3.170549196,0.39604875,10.50745559,3.139598768,2.91482184,9.079607926,20.50126626,23.13660263,0.052868223,1779.316167
2.367321082,0.691181061,1.720732394,3.226596007,0.397125784,10.81480637,3.148746614,2.804845698,10.94072593,20.49616795,21.28398957,0.06779929,2067.271405
2.747670797,0.761303563,1.740289586,3.187615232,0.393752975,10.31238823,3.256322802,3.189235447,10.29277758,20.48117658,22.83318143,0.050880325,1852.148457
2.343709242,0.829420404,1.671552817,3.047063173,0.387350694,10.41112976,3.226314724,2.844351461,9.011191669,20.47123559,20.9104901,0.054251175,1871.473967
2.316241149,0.77092028,1.712110669,2.871506139,0.372935245,10.78667739,3.186321183,2.900729153,10.97599153,20.46402351,22.51026781,0.065094507,1967.557459
2.233685643,0.70527617,1.662422409,3.128251234,0.367919477,10.91226237,3.118642658,2.857436692,10.93380674,20.45312424,21.06253207,0.062304367,2070.520483
2.388311878,0.71209515,1.857394619,3.15280629,0.378857551,10.58123638,3.232846006,2.793968478,9.236870535,20.4460631,21.46567963,0.057340614,1873.87032
2.248389237,0.795878278,1.663042157,3.133869699,0.371368994,10.88524543,3.182089734,2.782478792,10.09373572,20.4388151,20.61556664,0.052493409,2026.354393
2.360224782,0.786114024,1.706339387,3.086638412,0.390114281,10.52492974,3.132474046,2.847940796,10.07094836,20.42553511,20.82796383,0.062504238,1991.80945
2.329970337,0.797099214,1.783141369,3.102187044,0.379112656,10.73784571,3.365448738,2.96945411,10.63669653,20.4115538,20.8720738,0.063119291,2025.643675
2.347902316,0.718447457,1.800611474,3.129640009,0.39411829,10.96366107,3.123245897,2.852348232,9.340001605,23.64059549,23.71641016,0.052011609,1868.599394
2.301268664,0.716163939,1.804266831,3.165078599,0.363074166,10.76724135,3.219689791,2.9660342,9.110075725,20.40512793,23.60046774,0.055187273,1768.394632
2.302887987,0.738898901,1.814302966,3.00501969,0.392434331,9.722214308,3.231676511,2.827328468,9.478578272,20.39974445,21.01789173,0.059616492,1890.55672
2.393381754,0.761964108,1.733888041,3.184308167,0.38915184,10.59586952,3.503041717,2.873861948,10.56807593,20.38621981,20.88645316,0.06694685,2025.901923
2.270288932,0.707709589,1.70355394,3.178318406,0.398194414,10.52966292,3.142532705,2.812516528,8.868809063,20.37873674,20.40673015,0.063456379,1938.320095
2.372322342,0.690583605,1.698714403,3.239398925,0.377078354,10.93111999,3.443676197,2.988270866,9.859855606,20.36445219,21.0283106,0.060261958,1951.08987
2.314274396,0.692950164,1.84643804,3.114928245,0.381416038,10.89780194,3.345301148,2.90351499,10.46995668,20.35018217,21.14700442,0.062674169,2008.695973
2.418873561,0.78705081,1.655428496,3.175159909,0.380607295,10.58283606,3.327610096,2.848904066,9.430088003,20.34681194,21.36413638,0.051549473,1880.294399
2.338280364,0.905069095,1.657469009,3.092463539,0.387388101,10.64782923,3.233483087,2.785095348,9.308412968,20.33286414,20.80492106,0.068971376,1926.062687
2.35315368,0.690110824,1.736935143,3.205822236,0.378321124,10.81063236,3.297299875,2.78439933,8.016757429,20.32212576,22.13373633,0.059342106,1738.718781
2.367561588,0.753176495,1.750378734,3.118420758,0.373763876,10.75438607,3.158978912,2.806737768,10.62288337,20.31845451,20.62377886,0.060447154,2068.582956
2.360947891,0.736667006,1.695904927,3.135277634,0.397868916,10.91913257,3.124039177,2.90987058,8.666178734,23.63691732,24.18844293,0.057719025,1786.078339
2.525314834,0.734940551,1.764855521,3.146451149,0.368658459,10.55223327,3.296860338,2.861715645,9.989129689,20.30037713,20.39726936,0.06018998,2010.188867
2.428821941,0.762397871,1.725964566,3.060440989,0.390756289,10.46732376,3.164620859,2.826186072,10.72912789,20.29864165,20.69299098,0.051037458,2052.00617
2.494620348,0.831289222,1.712678479,3.228938697,0.38607864,9.890490861,3.167856857,2.792341103,10.73391415,20.28877235,23.26156371,0.057628919,1895.1027
2.331439591,0.772452302,1.686733693,3.142938836,0.387495336,10.99700209,3.131307971,2.815666944,10.13083602,20.27859484,20.28161965,0.054239416,2068.715629
2.289402994,0.694493537,1.812006111,3.064784361,0.391966036,10.8613297,3.216117858,3.056409756,9.302673361,20.26370068,21.79298652,0.051627297,1847.50611
2.232969115,0.713238746,1.672100536,2.838442851,0.398126586,9.689065424,3.139218531,2.986563799,7.805855236,20.25134736,21.30161446,0.054163021,1700.078864
2.371827136,0.85543678,1.663419056,3.173135461,0.398640418,10.93031641,3.150198757,2.786622819,8.560710759,20.24831374,21.78413503,0.068380982,1808.191775
2.403013928,0.69330913,1.676599569,3.224193187,0.368828593,10.19044643,3.200536682,2.872561485,9.265537432,20.23740304,23.62692581,0.064886462,1770.177694
2.358479511,0.723766012,1.725681044,3.168819209,0.393548278,10.77747117,3.351017431,2.808125002,10.87071719,20.22026657,20.46832995,0.06256156,2110.414785
2.356699444,0.77748335,1.655061061,3.228428756,0.386230038,10.86800868,3.184905164,2.865015018,10.09572876,20.21001894,21.52089359,0.053329728,1947.707656
2.39498104,0.800158267,1.700080135,2.988503054,0.395353717,10.73247903,3.278948258,3.001577013,10.5159673,23.62931632,24.29014347,0.068180197,1908.578573
2.373869345,0.758695264,1.788693675,3.102775029,0.387504162,10.30137969,3.152253738,2.875953309,10.16069448,20.20920905,20.94338762,0.06453019,1975.199339
2.390370894,0.743572139,1.688055427,3.145786867,0.383123509,10.97292422,3.200140963,2.839611691,9.186953263,20.19913761,20.47744126,0.057797345,1950.07417
2.264863194,0.714456849,1.69112082,3.182154163,0.390269574,10.73894376,3.176756282,2.808776718,10.82317934,20.18837955,20.45662875,0.067544476,2116.529246
2.415231234,0.747444663,1.775422922,3.210579764,0.371901009,10.14670224,3.235428957,2.871823906,7.833623869,20.17360161,20.93791479,0.059406112,1747.595713
2.328187471,0.789554988,1.697675112,3.100046396,0.360248203,10.77266783,3.220840069,2.947578264,8.339825871,20.16269967,21.29227197,0.065542112,1784.775048
2.307305241,0.720566465,1.711727607,3.231722711,0.368979343,10.3524808,3.140337108,3.156092602,8.928034192,20.15666765,20.86485748,0.059298311,1842.842676
2.384491816,0.808184436,1.715985775,2.997790216,0.344156512,10.38584885,3.214751568,2.8891023,10.14099208,20.1491492,21.69272826,0.069593516,1910.359732
2.39695051,0.778202241,1.703121499,3.186008366,0.355521594,10.78050502,3.152727231,2.852515083,9.983120144,20.13892903,20.16634524,0.057977122,2041.511005
2.327241746,0.712373315,1.828379348,3.040896981,0.398933552,10.62596038,3.355764325,2.806266102,9.544593107,20.12023125,20.49033454,0.069473809,1979.56276
2.350519945,0.78669188,1.803130173,3.175515423,0.381091429,10.46885324,3.286708744,3.035903311,7.909009973,20.11911657,20.52787818,0.050263544,1774.770823
2.401973621,0.727393423,1.738259809,3.022677254,0.383221483,10.53627748,3.125081831,2.866217822,10.88077922,23.61557506,24.42881519,0.069307339,1947.736495
2.272607052,0.704872726,1.703202472,3.23698059,0.39769311,10.24537804,3.153479866,2.897264748,8.347119216,20.10167227,20.10170642,0.057671991,1887.907336
2.316811827,0.727592655,1.660239782,3.171355799,0.376223963,10.98783623,3.188061723,2.828897297,7.815695145,20.0981492,21.95068421,0.057816428,1728.681346
2.380637278,0.723825697,1.690693012,3.06659602,0.39372944,10.83422138,3.261856973,2.815054762,9.192877361,20.08874912,22.12046319,0.063534344,1840.108718
2.230785028,0.706317922,1.797378039,3.171704181,0.395792797,10.97995469,3.347847498,2.879144511,9.319702466,20.07580524,20.3749816,0.066804129,1977.932917
2.244519635,0.741948201,1.753055588,3.081414409,0.391314985,10.69925662,3.19668764,2.908993294,9.796084889,20.06529236,21.38593861,0.052331651,1917.958231
2.426921796,0.775670407,1.828609819,3.038898917,0.379366295,10.62901863,3.274007563,2.783654862,9.442567498,20.05392162,21.80295446,0.061286451,1864.047406
2.351804921,0.858205365,1.66646075,3.223154278,0.364601619,10.64265597,3.103727942,2.791827727,10.42573092,20.04850503,21.98459128,0.063490597,1946.410819
2.465417971,0.763889011,1.694196466,3.132753046,0.378497571,10.85648941,3.384665333,3.008324841,10.53300182,20.03368217,23.17045396,0.065563214,1893.89757
2.341881843,0.73621374,1.660151072,3.018916489,0.394853609,10.95089593,3.209432834,2.902634128,9.965407542,20.02113629,21.81295268,0.050156086,1914.835266
2.409867088,0.851839257,1.696329115,2.898660674,0.398886588,10.80271846,3.411306447,2.891409469,9.65771914,20.01276138,20.35484967,0.059260866,1974.004154
2.305869943,0.709512782,1.775830333,3.170030393,0.357779083,10.92455731,3.152548478,2.880070598,8.329641486,23.96563152,23.99331158,0.062150129,1781.187577
2.325126111,0.693488651,1.75934582,3.163772513,0.399316775,10.5990013,3.167544157,3.051122117,9.99567823,23.60399868,24.91283597,0.061353106,1860.437003
2.246353127,0.749441479,1.661412662,3.222816697,0.392592297,10.56711238,3.335706484,3.027355909,10.08489941,20.00178115,22.69211974,0.052053147,1866.559819
2.267917948,0.698245651,1.795946978,3.188278283,0.373553847,10.76014844,3.339136129,3.076108331,10.77932409,19.99637531,21.15902891,0.058800559,2006.951386
2.318825413,0.735597271,1.798804862,3.219615881,0.384539119,10.67169319,3.121386908,2.833253891,10.00373369,19.98952633,21.75411638,0.059234305,1926.873066
2.403122466,0.716495416,1.710829301,3.150699131,0.359652613,10.87764778,3.163614959,2.832532988,8.172996357,19.97427455,20.11260295,0.067066156,1885.303012
2.300922105,0.78182914,1.768998381,3.054567501,0.36420205,10.24126945,3.149721881,2.907040445,8.517104813,19.96808726,20.6845783,0.051699579,1818.529848
2.325525462,0.695567033,1.81815104,2.827461702,0.389314226,10.47340194,3.211778369,2.896078412,10.05987483,19.9573258,21.26556619,0.053418775,1934.899646
2.234660769,0.756862501,1.683540108,3.072054116,0.387608406,10.30050027,3.126974178,2.884536871,10.76365153,19.94718781,20.2183347,0.051831192,2086.140312
2.264537199,0.764600869,1.755365013,2.984064192,0.382892634,10.38122601,3.104135544,2.882574576,8.390853983,19.93523385,23.06331446,0.064370073,1709.7813
2.325955079,0.71122308,1.694563503,3.10938081,0.385822709,10.62054911,3.364185214,2.837383784,9.090528228,19.92730403,20.22266556,0.065320499,1948.90654
2.376065928,0.726422353,1.660813321,2.991761804,0.393787838,10.79416736,3.13176494,2.849507942,9.854022242,19.91939649,20.13678571,0.057512366,2035.043244
2.619686495,0.867134089,1.874771908,3.21838025,0.387794417,10.9143645,3.18129274,2.859382271,9.115366309,23.59004023,24.25348955,0.052744409,1808.925704
2.364980192,0.716245335,1.779585892,3.183521619,0.380916898,10.62359546,3.255296359,2.797099353,9.154203556,19.9024028,20.41209746,0.062418812,1939.763126
2.455452118,0.692004415,1.781259283,3.144214686,0.392867209,10.97034128,3.196141089,2.904293739,9.11900953,19.89921054,20.44383885,0.052180959,1932.082659
2.636395906,0.689837087,1.753282352,3.163100725,0.345121371,10.66884994,3.160588272,2.830317089,8.004419982,19.8896966,20.48687193,0.057722039,1808.522816
2.258272193,0.805408864,1.860391076,3.177828036,0.385633742,10.22298596,3.368717377,3.053424256,8.640251246,19.87589579,20.51179714,0.059977017,1832.724805
2.283623668,0.718160626,1.684946249,3.121364394,0.383505741,9.611982725,3.464059792,2.859847359,10.29503906,19.86807464,22.05404112,0.067713664,1890.402021
2.32772232,0.736981449,1.847552563,3.155630096,0.395224721,10.12898131,3.117419123,2.868831861,7.837242976,19.85050184,20.01643265,0.066327784,1838.349766
2.441122911,0.721894169,1.724502197,3.179819603,0.390500087,10.88750141,3.20590921,2.933498111,8.023640592,19.84808963,20.316402,0.052685826,1831.782767
2.23336351,0.828740579,1.706643733,3.057747122,0.360859947,10.57027465,3.254134755,2.882052817,8.127779526,19.83237694,20.84717024,0.05914499,1782.214921
2.390941859,0.700027896,1.810134374,3.142520351,0.39591738,10.91645597,3.192008273,2.869539915,9.332465953,19.82426365,20.56338827,0.061804104,1950.182137
2.240313172,0.789858191,1.744612396,3.068649102,0.359739072,10.89440517,3.13517461,2.931336014,8.777550445,19.81578746,21.76342453,0.051779473,1800.094353
2.460191409,0.733839956,1.701835368,3.124832821,0.388607971,10.59508931,3.134709914,2.812840746,9.553886652,23.58281497,24.68330925,0.063849819,1838.23278
2.252038455,0.732003182,1.704737728,3.148093911,0.398492522,10.20332161,3.228449905,3.222590018,9.892340114,19.80327193,20.0046609,0.061997021,1996.474974
2.250776316,0.708481619,1.751219327,3.013469746,0.382697861,10.99167819,3.129758463,2.818424979,9.47619499,19.79484603,21.4328439,0.068126602,1911.113216
2.287123931,0.689709432,1.747500425,3.207800151,0.373793261,10.90200273,3.326140177,2.875210094,10.4445987,19.78001955,21.25648903,0.067199092,1997.893902
2.371073106,0.763261239,1.787658843,3.20027664,0.397742518,10.84040246,3.445576845,2.850991837,10.98431284,19.77199589,20.02170053,0.062108251,2151.111759
2.236386891,0.764306478,1.825616908,3.033157794,0.385324971,10.63362242,3.220680916,2.858237314,9.610367153,19.76516782,20.73688516,0.065275503,1946.267746
2.264100347,0.704404825,1.659426725,3.214021951,0.392383404,10.67042307,3.177009877,2.781943562,10.91974881,19.75654715,21.48102296,0.061680615,2033.643674
2.283312052,0.697321369,1.809377853,2.930970242,0.370713206,10.2775853,3.278166687,3.003767386,8.570217392,19.74105206,20.0578839,0.051238776,1864.729578
2.227570766,0.766725758,1.764955026,2.84475658,0.399116852,10.44758045,3.29436644,2.877778474,8.420933266,19.73448223,21.12770241,0.056619063,1791.175274
2.326273321,0.779381002,1.667293431,3.026349184,0.398654493,10.80572789,3.473585547,2.99492559,9.224264506,19.72545211,24.6594315,0.062471373,1750.604881
2.355002875,0.721508907,1.714301574,3.118767858,0.379207953,10.67692455,3.234303043,2.889490468,7.880187112,19.7144724,21.57833292,0.064100719,1731.020436
2.254351201,0.749261146,1.674219765,3.091559569,0.389400515,10.98138445,3.113326995,2.975999928,8.780232321,23.57111258,24.81977219,0.067289165,1776.777621
2.344143862,0.820360539,1.875961779,2.966072479,0.377396779,10.85896521,3.146646034,2.906624345,8.488683063,19.70478737,24.4363586,0.06732887,1697.028212
2.531355847,0.74162189,1.78820528,3.184649431,0.384448228,10.60157692,3.267751291,2.942879148,8.559402611,19.69267278,20.03142354,0.060872209,1892.489894
2.276456264,0.864577896,1.716602734,2.95489525,0.393263415,10.8374052,3.246289407,2.795632529,8.924233003,19.68057322,20.54482814,0.066418934,1903.860222
2.4581099,0.777093807,1.659825487,3.219114306,0.396373345,9.712891891,3.224473214,2.911245231,10.35726952,19.67630417,20.2970937,0.067038744,2013.803997
2.252938049,0.724670188,1.697440483,2.976809693,0.397352467,10.18585866,3.338101022,2.833148342,10.74289357,19.66213555,20.3328595,0.065177004,2072.718714
2.259169309,0.733689492,1.716997567,3.031216455,0.348258952,10.79711304,3.127738845,2.879848489,9.351550317,19.65259414,23.56362873,0.068711839,1791.743318
2.52759964,0.738396251,1.678798777,3.16618277,0.397945234,10.9382587,3.29980876,2.804100625,8.491384687,19.64163128,20.78998409,0.054665866,1845.64148
2.335668821,0.737248301,1.66118722,3.106822668,0.383303465,10.78812541,3.116105659,2.956005915,10.67572603,19.63205211,20.67229516,0.058976506,2042.689039
2.230997273,0.728262142,1.715305208,3.044314148,0.386540497,10.70626884,3.209573412,2.817699985,8.807558994,19.6233873,20.19456309,0.064148516,1926.410811
2.449783847,0.743129411,1.722088089,3.160142088,0.362612742,10.86960668,3.156229849,2.84837883,8.522661573,19.61650428,20.90565537,0.055669274,1830.468345
2.613357765,0.728520415,1.719167426,3.158251796,0.377529808,10.69600884,3.292216768,2.895489088,8.619964081,23.56659024,23.88822812,0.058471896,1769.445577
2.438587758,0.75616677,1.73585062,3.100306283,0.354071433,10.80360866,3.313011536,2.967294997,8.939015704,19.60463886,20.36886212,0.068572292,1894.125137
2.226063558,0.782557497,1.752163598,3.185305515,0.375723832,10.66423115,3.204871463,2.921175543,7.811124249,19.59329226,20.64221873,0.06793851,1780.049951
2.228693478,0.814988177,1.681154305,3.080205176,0.381562744,9.582594012,3.237903992,2.888098043,8.793423672,19.58672875,20.65570778,0.061928254,1824.845731
2.274663658,0.738727537,1.716352049,3.084743343,0.367497735,10.04589421,3.409174791,2.991264586,8.152915818,19.57668523,22.48668464,0.060336817,1679.291212
2.291783055,0.822247859,1.670092504,3.155456937,0.356921938,10.84588058,3.169661255,2.783867505,8.575969369,19.56084391,20.12903046,0.050826109,1896.395533
2.555668637,0.72193209,1.760470119,3.185626871,0.391807626,10.80891623,3.250874722,2.836444591,8.510214324,19.55530873,23.33717481,0.069928549,1730.043877
2.32873068,0.735510851,1.709122444,3.058483098,0.39168306,10.58899414,3.151520217,2.931974038,10.64391113,19.54685255,20.26934416,0.060597326,2070.74465
2.434871629,0.908101319,1.744935702,3.233100649,0.397674712,10.68759123,3.341840101,2.820529965,9.415118908,19.53704952,20.79196424,0.054444676,1912.148786
2.331900079,0.721419488,1.736472767,3.089283792,0.371004532,10.30743092,3.102482829,2.915181106,8.116371927,19.52813944,20.04707052,0.054355964,1837.33663
2.446380423,0.759602578,1.801376772,3.050968544,0.399652314,10.24174895,3.247041381,2.856533698,8.586711269,19.51551086,20.18787887,0.065935819,1877.163956
2.285930914,0.697141427,1.736995344,3.147568956,0.361594996,10.87926345,3.439268587,2.982382704,8.087841192,23.55382692,24.03956523,0.05746704,1720.666735
2.256018464,0.799633122,1.952670937,3.001828609,0.388808478,10.4382976,3.245363775,3.037677129,8.844879249,19.50926654,22.16588404,0.061151942,1764.119424
2.375263815,0.745047873,1.7422764,3.079307046,0.388848585,10.81362029,3.170812637,2.952976936,8.163847558,19.49488859,20.14456587,0.058523411,1849.851641
2.270854995,0.811186762,1.818946193,3.199136348,0.38988811,10.07623535,3.109934345,2.957317273,10.00920471,19.48812243,20.72612689,0.059511922,1949.275694
2.346153296,0.750259457,1.815277714,3.154357796,0.374961752,10.83121426,3.206024914,2.978859578,8.133749406,19.47005284,20.17010069,0.05508699,1837.16341
2.637651392,0.725190297,1.734746918,3.055322612,0.395628226,10.94324265,3.592600846,2.816991753,7.963034576,19.46632429,21.0097129,0.067501522,1773.916937
2.585619416,0.748662263,1.834399053,3.095123029,0.366856809,10.61700526,3.190035366,2.873237411,10.99438327,19.45072864,20.24478538,0.066685163,2102.322191
2.256981842,0.7253051,1.707462469,3.030489543,0.388462848,10.072397,3.105128579,2.831913517,8.718719662,19.44170567,22.09226199,0.057128678,1767.158851
2.318159364,0.762849149,1.677833497,3.208272136,0.383526909,10.83811879,3.215334741,2.831431874,10.45049315,19.43655143,20.27732167,0.061053338,2069.203227
2.34491938,0.716684827,1.799298177,3.024693027,0.394254123,10.88886826,3.322763763,2.898181702,8.123285566,19.42174141,21.37953039,0.060220108,1765.610691
2.287582596,0.740015503,1.691417934,3.147405341,0.385033331,10.82499959,3.114678394,2.791509905,10.59098611,19.41001552,22.57271817,0.055745879,1944.049215
2.297708198,0.72668066,1.67346363,3.204319435,0.394153845,10.8595597,3.245594725,3.146808153,10.6902991,23.54146236,24.31204589,0.050326333,1927.342843
2.559909044,0.706935243,1.665668833,3.122604935,0.394755765,10.38486899,3.344787976,2.83453969,10.19606223,19.40107861,20.50448828,0.060807,2001.704013
2.229828391,0.702510822,1.694750918,3.167572947,0.389502816,10.03175145,3.127619553,2.886393625,10.1661198,19.39006747,20.53174717,0.053255894,1986.268517
2.543002685,0.818529884,1.659525368,3.211216627,0.396833055,10.71225963,3.249330772,2.941593132,10.40318466,19.38612364,20.74072026,0.06337986,2003.119694
2.395738629,0.783316118,1.672570636,3.072818687,0.391429809,10.74237226,3.2106741,2.798759373,10.04398587,19.37331106,20.95517528,0.058144195,1969.244892
2.592173146,0.714766752,1.699694828,3.065400311,0.358852547,10.84225424,3.284364271,3.079076874,9.643705789,19.36267388,21.2791358,0.063347452,1881.656602
2.268462637,0.874030743,1.899822423,2.964019966,0.374725009,10.06643488,3.108239631,2.874935052,7.889237552,19.35506922,20.06988149,0.058743065,1796.856686
2.698368179,0.741441135,1.703805166,2.976191158,0.393620387,10.70486356,3.168776321,2.807808307,9.175231553,19.34384004,21.55508104,0.0652389,1849.311333
2.43578707,0.757388878,1.654686127,3.038470542,0.381839409,10.82736271,3.112284452,2.962571973,10.76236543,19.33587911,20.4327161,0.059058085,2061.689724
2.292175152,0.707900506,1.706863415,2.969876085,0.383414576,10.4255216,3.404257637,2.971455011,8.099937619,19.32114766,23.69189707,0.059813323,1658.810276
2.441704678,0.739426561,1.682879175,3.139102469,0.395447613,10.66764581,3.204355996,2.93229185,8.671067581,19.31308021,22.37116032,0.065814904,1762.316819
2.257385171,0.711332805,1.732869627,3.173546619,0.396244793,10.71521176,3.180491221,2.922774033,9.956032238,23.53717065,24.38412382,0.066722494,1879.623807
2.467756889,0.700908081,1.671226463,3.153663949,0.364982724,10.4145824,3.116833745,2.870059816,8.235007761,19.30482267,22.27588242,0.056006712,1720.074085
2.278471824,0.727126001,1.739415868,3.071359304,0.361405699,10.64075173,3.268843618,2.945476428,10.12040285,19.29236767,20.09943824,0.066771691,2028.797635
2.468248988,0.730661027,1.743900784,3.056012642,0.394265748,10.94832793,3.103171308,2.915712985,8.816322187,19.28669307,20.23614501,0.066312813,1916.039901
2.5190033,0.718790131,1.797936534,3.229849894,0.399159424,9.914982104,3.288570592,2.960590879,7.925905631,19.27954239,21.97348199,0.055886833,1680.73048
2.26067632,0.703194482,1.664152644,3.206873648,0.392678402,10.5549363,3.139973601,2.851990053,10.47953395,19.26920756,20.25642368,0.066526844,2072.877759
2.33627251,0.877314572,1.701429117,3.006769335,0.383909313,10.48343183,3.225806278,2.88520627,9.041318406,19.25863933,20.66110699,0.055059247,1866.737304
2.672964277,0.7426026,1.961836971,3.233069805,0.397218847,10.64492714,3.377569243,2.950896392,9.838151519,19.24224451,23.01931392,0.050102414,1831.541458
2.235761156,0.709331424,1.790820729,3.082827874,0.35658095,10.02847364,3.105900221,2.785532025,8.366944394,19.23658346,20.08328013,0.052558141,1853.592077
2.335516423,0.707062617,1.661556428,3.2020522,0.388729316,10.21511849,3.208716292,2.857957392,10.57202314,19.22164786,20.3495938,0.050948697,2040.669372
2.368192657,0.725528771,1.692463819,3.213188391,0.379926177,10.30767982,3.156503242,2.817272215,9.829016215,19.21423734,20.38790257,0.068023194,1985.336696
2.34939333,0.767733252,1.736183782,3.081931523,0.387307931,10.36303455,3.165682678,2.791870073,9.250380025,23.52825978,24.20433343,0.054831729,1814.24931
2.295236707,0.734253728,1.700708319,3.206266945,0.38467493,10.44045732,3.256917356,2.786266936,9.285838254,19.20462035,20.59521693,0.051055146,1914.946046
2.600691209,0.698814159,1.664986573,3.159080936,0.369167626,10.45270257,3.155824173,2.782405983,7.871979362,19.19465156,20.55222485,0.068888301,1789.660451
2.231531495,0.842745164,1.888213617,3.070336681,0.378223886,10.63507623,3.320639536,2.818892426,9.489620948,19.1852691,20.30623469,0.051566983,1949.112563
2.333787374,0.702905539,1.850218296,3.195472883,0.387841667,10.82403306,3.277191923,2.972906689,10.49255617,19.17568288,22.61424611,0.05051064,1914.448927
2.388921011,0.690675408,1.669381005,3.151348348,0.358940358,10.60431652,3.2797574,2.940881338,9.622942101,19.16646349,23.49963466,0.064817422,1804.105719
2.227351149,0.689198203,1.727120084,3.155014488,0.37399818,10.75107261,3.371602985,2.882712187,10.42095232,19.15172394,22.71209263,0.06464224,1912.304298
2.253777206,0.757981729,1.865254714,3.202665464,0.398353836,10.6086388,3.176332925,3.105207445,9.420887319,19.14814633,20.20487614,0.067138442,1948.798809
2.407661591,0.813241437,1.749201217,3.103291783,0.371193141,10.71407106,3.177675785,2.790880035,7.85287455,19.13931415,21.47148991,0.06388073,1732.703459
2.349950376,0.868986787,1.763246278,3.183757832,0.364383544,10.51254529,3.481298963,2.828534577,10.36570164,19.12131844,21.66851786,0.05108231,1926.984624
2.243939323,0.690380107,1.656105449,3.218687814,0.39695274,10.29622656,3.122441227,2.867787369,10.96170826,19.11426989,20.15864072,0.052281823,2106.402857
2.424610755,0.730829746,1.861623276,3.141011484,0.396326173,10.82233012,3.419882139,2.873717698,8.368769044,23.51127815,24.94777501,0.065138532,1728.911651
2.406036317,0.860546105,1.65446822,3.20393344,0.395036038,9.941390895,3.217072256,3.131503415,9.773206753,19.10420319,20.3293583,0.052235795,1919.180154
2.392210097,0.780701688,1.686216791,3.041884394,0.383031143,10.97795649,3.169456233,2.802783899,10.96116248,19.09122724,21.07231426,0.068948024,2057.118194
2.241613734,0.780067151,1.669801615,2.961120721,0.390654314,10.00770457,3.329255602,2.822824984,8.220666121,19.08000555,20.76767695,0.060118352,1778.961332
2.234289936,0.962043393,1.792413716,2.980719404,0.352263788,10.21960505,3.360383286,2.926037993,8.957826532,19.07296732,20.07301306,0.055029949,1875.071965
2.242518412,0.712453095,1.693355484,3.136025337,0.37124794,10.33310607,3.252882314,2.785878224,8.231403518,19.06536293,20.96561841,0.058343415,1788.917507
2.298113358,0.69001553,1.712701661,3.210784152,0.397276704,10.14423198,3.275022957,2.955378562,9.88916962,19.05161804,22.28347454,0.065478409,1859.797883
2.357736958,0.694952836,1.746112721,3.172504799,0.397013765,9.246205913,3.225040004,2.829343292,8.430987998,19.04702264,20.60866162,0.068207704,1796.975473
2.29381407,0.698655462,1.695666083,3.226291108,0.39080475,10.70050529,3.182314942,2.861397018,8.202879004,19.03805639,20.63305123,0.057174566,1821.589051
2.241007119,0.689019392,1.773625142,3.063922673,0.394008654,10.79652032,3.137152819,2.858935664,9.7591414,19.02072421,21.44567269,0.059762835,1919.512428
2.483809258,0.750806813,1.657881661,3.223706908,0.387204581,10.56104387,3.37684824,2.977714102,10.72202881,19.01231843,23.44535967,0.061108533,1893.251045
2.381474794,0.756507045,1.726546598,3.174252534,0.39532431,10.69863584,3.294059423,3.016353982,10.45972472,23.95399599,24.73360806,0.053108379,1908.90957
2.406825874,0.722995637,1.752260767,3.205395268,0.393125642,10.34562978,3.173284612,2.992284963,10.05105199,23.50515444,23.67438911,0.056442599,1890.959901
2.391774335,0.729584891,1.707962308,3.124022261,0.396880213,10.58743383,3.185527706,3.02479446,10.70631662,19.00648592,20.42998922,0.060966352,2045.670988
2.313610764,0.714007641,1.75175365,3.235365118,0.397318751,10.68985244,3.140723251,2.90113032,9.274265376,23.49033452,24.89093476,0.053744416,1815.692919
2.34107557,0.821724797,1.892221773,3.027784114,0.399623265,10.9341637,3.301949434,2.97012167,8.761640571,23.48844672,24.71006544,0.053815169,1759.205616
2.353532288,0.721115342,1.831470299,3.139739392,0.398956714,10.27471747,3.174678106,2.923337187,10.59662732,23.47182117,24.19636154,0.061366833,1918.07816
2.22805624,0.751330645,1.730129665,3.143252883,0.379549911,10.25896806,3.398718397,2.794372505,8.274174506,23.46993019,23.61053995,0.064251838,1742.834493
2.324494938,0.804314122,1.66271987,3.198758225,0.383618405,10.48525693,3.110342072,2.885893125,9.453491277,23.45712247,24.67574973,0.050467605,1819.796364
2.269438034,0.693787488,1.720800552,2.983633663,0.390318985,10.72688548,3.163419494,2.781188472,9.019704901,23.44850561,24.5797149,0.058895973,1801.049934
2.348628971,0.725839807,1.656741936,2.927638659,0.3819358,10.16574418,3.120292108,2.890095876,10.23132526,23.43193204,24.23000606,0.051287443,1876.577255
2.248923349,0.766130651,1.724116869,3.157818089,0.391273238,10.49961489,3.149276609,2.914042822,10.32605268,23.42542969,23.58197811,0.053030138,1925.817999
2.299562591,0.738630005,1.68274191,3.20351273,0.392052696,10.53872547,3.182653417,2.807693278,10.66063001,23.41344046,24.07261065,0.053126649,1943.808152
2.310942874,0.769177287,1.670564794,3.204542848,0.358271543,10.84842133,3.223560365,2.82813733,10.51935119,23.94163801,24.05301868,0.054584735,1954.613584
2.295758458,0.765607726,1.894099717,3.128714704,0.384197098,10.58521328,3.154044343,2.786543508,8.677279467,23.40626707,23.86082797,0.069112985,1784.157267
2.256394592,0.752244553,1.782806437,3.042193279,0.398775278,10.32822354,3.106228475,2.846021714,10.74390946,23.39110484,23.97268975,0.063063628,1943.833802
2.430171704,0.692344782,1.749941989,3.180272317,0.389377078,10.84986058,3.1217558,2.854096479,9.232235478,23.38266482,24.82684073,0.050007354,1817.921038
2.271605308,0.755684469,1.758492736,2.940523031,0.388085022,10.42130747,3.187596162,2.824928855,10.83771962,23.37399413,24.92936275,0.05576704,1920.362601
2.321237516,0.715526657,1.708029209,3.182651821,0.340926229,10.34198009,3.146279206,2.846854333,9.034092597,23.36895114,23.82285149,0.065302311,1801.313389
2.411145969,0.80945838,1.853079977,3.227825293,0.378757202,10.55892279,3.159381453,2.81067041,9.614569728,23.35528842,24.80900189,0.062041074,1832.311408
2.251083646,0.694617399,1.717797128,3.123396691,0.377583615,10.72754968,3.170734783,2.799012159,8.786480224,23.34404901,24.50980718,0.06343792,1781.71757
2.258682337,0.703655331,1.67501874,3.034284648,0.391863512,10.81959926,3.180066493,2.850222633,8.04873306,23.3337983,23.35864564,0.056291698,1753.677459
2.424629764,0.744042206,1.679041341,3.149715701,0.379832448,10.96631213,3.100540057,2.918337884,10.26595311,23.32011283,24.36487867,0.06394441,1902.047912
2.296800802,0.733274973,1.710769207,3.097443566,0.389690122,10.90621428,3.431888395,3.062542391,10.87515372,23.31122912,24.140243,0.065364079,1938.803338
2.498100964,0.710433436,1.693943592,3.072258607,0.377109861,10.52724634,3.531348271,2.82573357,10.68040795,23.93654389,24.96516313,0.066210512,1914.583537
2.369619538,0.747669928,1.715757094,3.057183616,0.394824191,10.08134653,3.201793254,3.03013795,10.078966,23.30309198,23.8191122,0.06722226,1861.988883
2.2769511,0.812235086,1.681727061,3.194014508,0.385403953,9.831466915,3.259280255,2.874353894,9.049397019,23.29588429,23.77558836,0.058774742,1777.051426
2.254168622,0.781228889,1.743390142,3.1594516,0.363261435,10.54461715,3.19586612,2.809846118,9.287773106,23.28486927,24.6926336,0.058877385,1804.391698
2.34506984,0.730505817,1.745653161,3.080381891,0.381345995,10.36126979,3.113856078,3.045131713,10.03756086,23.27326952,23.37189863,0.062559105,1889.605864
2.48611965,0.704223923,1.707143892,3.130467981,0.35461951,10.73401462,3.290750581,2.804986342,9.347475812,23.26080179,24.37443047,0.050435919,1816.57283
2.377223613,0.832514855,1.734795089,3.156639859,0.398048576,10.19438964,3.112518515,2.871004094,9.668285814,23.25690878,23.70449351,0.055428249,1846.511479
2.41679613,0.711836399,1.68027701,3.133691304,0.392979951,10.827804,3.144090559,2.788180998,8.508051581,23.24759724,24.83972221,0.050388177,1756.207699
2.321825882,0.726890251,1.673067002,3.193036038,0.34992306,10.65388985,3.289925707,2.78905512,8.750935052,23.23146787,23.30784284,0.068074853,1804.109383
2.260475554,0.748390649,1.728241931,3.116496483,0.384567144,10.7902849,3.179769873,3.02891224,10.48456912,23.2255203,23.76261625,0.061642424,1923.065048
2.398837563,0.712848221,1.774843909,3.043134291,0.355133866,10.98563368,3.308525332,2.910531663,7.827691867,23.2166091,23.32675178,0.050616373,1716.92903
2.237801364,0.731561584,1.667040757,3.090584296,0.370154358,10.87132692,3.143534865,2.842637082,8.444575571,23.92361659,24.53517479,0.063033159,1771.170961
2.255198482,0.691629041,1.741860296,3.048571345,0.381041166,10.63117786,3.170268726,2.86466439,10.84509549,23.20461361,23.45115294,0.060729211,1976.993916
2.309105736,0.775771478,1.714222416,2.923017858,0.374092762,10.91376056,3.115118171,2.865485019,10.54202425,23.19415692,24.04321658,0.06661953,1926.24816
2.285490396,0.701543545,1.856607973,3.212905676,0.368299049,10.89934955,3.317686157,2.989756955,9.626541202,23.18398552,23.54274153,0.06501149,1863.252831
2.290872011,0.773595844,1.734354697,3.194329586,0.395818003,10.56300684,3.13743794,3.006161148,10.52515837,23.1765748,23.38160565,0.064343643,1940.434165
2.512516623,0.71269692,1.676368409,2.90882776,0.386036336,10.37027221,3.248007362,3.033550837,9.085848433,23.16146242,23.94484998,0.067441243,1770.691588
2.567404055,0.788746867,1.82315896,3.067530921,0.38619274,10.67408932,3.163070176,2.89911043,9.170144342,23.15216853,23.53257194,0.055594114,1813.350846
2.490038502,0.72286417,1.704535783,3.125883218,0.389563285,10.80695364,3.269427371,2.846310655,9.806143931,23.1494419,23.79772117,0.052097421,1869.690558
2.365648465,0.743699447,1.934450919,3.123653565,0.380110493,10.94354548,3.214399547,2.859248493,9.098752742,23.13761046,24.59812441,0.056502239,1796.141564
2.432542978,0.695444812,1.840205022,3.237513439,0.372088092,10.1378349,3.218728983,2.91605475,7.943418979,23.12370878,23.42513062,0.068729078,1704.271915
2.383480727,0.737734899,1.699384242,3.161903854,0.365767716,10.43229539,3.111391353,3.11810249,9.555704523,23.11360798,23.47109915,0.059451247,1833.384537
2.300749418,0.706741993,1.744301404,3.130144165,0.377345913,9.845335431,3.191074473,2.927871967,9.638001221,23.91265138,23.95882412,0.069843786,1849.442176
2.341483233,0.845438709,1.715141164,3.115478584,0.397057491,10.76579764,3.280332248,2.793177134,8.904062718,23.10158364,23.34958977,0.061623988,1809.468348
2.323281037,0.713915348,1.717223116,3.234184527,0.394049068,10.79188728,3.171313944,2.86279848,10.85009466,23.09873995,24.64913995,0.069963001,1942.623192
2.313358101,0.731195198,1.698179122,3.130875936,0.387039512,10.26595538,3.189464393,2.781552957,8.583714532,23.08231813,23.90377265,0.051447358,1753.597241
2.286529218,0.764188962,1.673408959,3.22101672,0.392147659,10.32870347,3.13850797,2.796170162,10.54814647,23.07626749,23.36800258,0.051275178,1946.369338
2.230471122,0.732136175,1.67088302,3.238263745,0.390158787,10.81776125,3.203108395,2.851318077,10.9434236,23.06260927,24.7530973,0.069221694,1948.582714
2.354814407,0.791608893,1.814007248,3.047960891,0.39976904,10.76980986,3.276326697,2.780493168,9.971954667,23.05882911,23.156203,0.060302308,1914.549989
2.510911822,0.810639403,1.718431102,3.236330706,0.395706952,10.78543256,3.19274613,2.936131774,9.722264889,23.04470511,23.63281244,0.060429301,1859.917198
2.243543116,0.699506635,1.808559972,3.098929396,0.39054099,10.72373808,3.291080558,2.878989538,8.403466809,23.03137781,23.968834,0.065984941,1742.570486
2.249655083,0.691866208,1.709510707,3.126833219,0.376735387,10.10609644,3.281097692,2.840549456,9.604649972,23.02358736,24.78882643,0.068474761,1809.612386
2.487194721,0.801092093,1.90940982,3.144621195,0.392561678,10.29211623,3.183610665,3.021058922,9.314281315,23.01490229,23.9883095,0.067879581,1787.858753
